{"sections":{"banner":{"type":"main-collection-banner","settings":{"show_collection_description":false,"show_collection_image":false,"color_scheme":"scheme-2"}},"product-grid":{"type":"main-collection-product-grid","disabled":true,"settings":{"products_per_page":8,"columns_desktop":2,"color_scheme":"scheme-2","image_ratio":"adapt","image_shape":"default","show_secondary_image":true,"show_vendor":true,"show_rating":true,"quick_add":"standard","enable_filtering":true,"filter_type":"drawer","enable_sorting":true,"columns_mobile":"2","padding_top":0,"padding_bottom":0}},"featured_product_p4yYjA":{"type":"featured-product","blocks":{"text_ahJEcp":{"type":"text","settings":{"text":"{{ section.settings.product.vendor }}","text_style":"uppercase"}},"title_GPMPeD":{"type":"title","settings":{"heading_size":"h1"}},"price_QC6NiW":{"type":"price","settings":{}},"variant_picker_ME7Gpx":{"type":"variant_picker","settings":{"picker_type":"dropdown","swatch_shape":"none"}},"quantity_selector_MeY8g7":{"type":"quantity_selector","settings":{}},"buy_buttons_6eq4mH":{"type":"buy_buttons","settings":{"show_dynamic_checkout":true,"show_gift_card_recipient":true}},"share_wipRyF":{"type":"share","settings":{"share_label":"Share"}}},"block_order":["text_ahJEcp","title_GPMPeD","price_QC6NiW","variant_picker_ME7Gpx","quantity_selector_MeY8g7","buy_buttons_6eq4mH","share_wipRyF"],"settings":{"product":"unisex-oversized-hooded-sweatshirt-black-s","color_scheme":"scheme-2","secondary_background":false,"media_size":"medium","constrain_to_viewport":true,"media_fit":"contain","media_position":"left","image_zoom":"lightbox","hide_variants":false,"enable_video_looping":false,"padding_top":36,"padding_bottom":36}}},"order":["banner","product-grid","featured_product_p4yYjA"]}