{"sections":{"image-with-text":{"type":"image-with-text","blocks":{"heading":{"type":"heading","settings":{"heading":"REWRITING THE HISTORY OF FASHION","heading_size":"h0"}},"button":{"type":"button","settings":{"button_label":"SHOP","button_link":"shopify:\/\/collections\/all","button_style_secondary":true}}},"block_order":["heading","button"],"settings":{"image":"shopify:\/\/shop_images\/DIABOLI.png","height":"adapt","desktop_image_width":"small","layout":"text_first","desktop_content_position":"bottom","desktop_content_alignment":"left","content_layout":"no-overlap","section_color_scheme":"scheme-2","color_scheme":"scheme-2","image_behavior":"zoom-in","mobile_content_alignment":"center","padding_top":40,"padding_bottom":40}}},"order":["image-with-text"]}