{"sections":{"main":{"type":"main-product","blocks":{"title_QmxY4P":{"type":"title","settings":{}},"text_HhPWey":{"type":"text","settings":{"text":"<strong>By Diaboli Unisex Hooded Sweatshirt - Black (Size M)<\/strong>Stay cozy and stylish with the By Diaboli Black Unisex Hooded Sweatshirt. Crafted from a premium cotton blend, this hoodie is soft yet durable, perfect for everyday wear. Its relaxed fit and medium weight make it ideal for layering, offering comfort without bulk. Designed with a classic kangaroo pocket and an adjustable drawstring hood, it provides both warmth and versatility.<strong>Features:Material<\/strong>: High-quality cotton blend for softness and breathability.<strong>Fit<\/strong>: Unisex, relaxed fit in Size M for a comfortable, laid-back look.<strong>Color<\/strong>: Classic, deep black for versatile styling.<strong>Design<\/strong>: Minimalist aesthetic with subtle By Diaboli branding.<strong>Details<\/strong>: Ribbed cuffs and hem for added durability and a clean finish.","text_style":"body"}},"judge_me_reviews_preview_badge_4xP4Rn":{"type":"shopify:\/\/apps\/judge-me-reviews\/blocks\/preview_badge\/61ccd3b1-a9f2-4160-9fe9-4fec8413e5d8","settings":{}}},"block_order":["title_QmxY4P","text_HhPWey","judge_me_reviews_preview_badge_4xP4Rn"],"settings":{"enable_sticky_info":true,"color_scheme":"scheme-2","media_size":"medium","constrain_to_viewport":true,"media_fit":"contain","gallery_layout":"thumbnail_slider","media_position":"left","image_zoom":"none","mobile_thumbnails":"hide","hide_variants":true,"enable_video_looping":false,"padding_top":0,"padding_bottom":0}},"related-products":{"type":"related-products","disabled":true,"settings":{"heading":"YOU MAY ALSO LIKE","heading_size":"h1","products_to_show":4,"columns_desktop":4,"color_scheme":"scheme-1","image_ratio":"portrait","image_shape":"default","show_secondary_image":true,"show_vendor":false,"show_rating":false,"columns_mobile":"2","padding_top":0,"padding_bottom":40}},"17314324242f43f6a6":{"type":"apps","blocks":{"judge_me_reviews_review_widget_ehj3yn":{"type":"shopify:\/\/apps\/judge-me-reviews\/blocks\/review_widget\/61ccd3b1-a9f2-4160-9fe9-4fec8413e5d8","settings":{}}},"block_order":["judge_me_reviews_review_widget_ehj3yn"],"settings":{"include_margins":true}}},"order":["main","related-products","17314324242f43f6a6"]}