{"sections":{"main":{"type":"main-product","blocks":{"text_6LbN6f":{"type":"text","settings":{"text":"RS. 1900","text_style":"body"}},"product-rating":{"type":"rating","settings":{}},"variant_picker":{"type":"variant_picker","settings":{"picker_type":"button","swatch_shape":"circle"}},"quantity_selector":{"type":"quantity_selector","settings":{}},"buy_buttons":{"type":"buy_buttons","settings":{"show_dynamic_checkout":true,"show_gift_card_recipient":true}},"description":{"type":"description","settings":{}},"share":{"type":"share","settings":{"share_label":"Share"}}},"block_order":["text_6LbN6f","product-rating","variant_picker","quantity_selector","buy_buttons","description","share"],"settings":{"enable_sticky_info":true,"color_scheme":"scheme-2","media_size":"medium","constrain_to_viewport":true,"media_fit":"contain","gallery_layout":"stacked","media_position":"left","image_zoom":"none","mobile_thumbnails":"hide","hide_variants":true,"enable_video_looping":false,"padding_top":36,"padding_bottom":12}},"related-products":{"type":"related-products","settings":{"heading":"YOU MAY ALSO LIKE","heading_size":"h1","products_to_show":4,"columns_desktop":4,"color_scheme":"scheme-1","image_ratio":"portrait","image_shape":"default","show_secondary_image":true,"show_vendor":false,"show_rating":false,"columns_mobile":"2","padding_top":0,"padding_bottom":40}}},"order":["main","related-products"]}