{"current":{"logo":"shopify:\/\/shop_images\/image_13_f4af4c78-0b6c-42d3-9f1c-612fb39b5a41.png","logo_width":90,"favicon":"shopify:\/\/shop_images\/17314228019175_b7408ec7-b953-45c4-8394-5c111e948c58.png","type_header_font":"oswald_n7","heading_scale":120,"type_body_font":"oswald_n7","body_scale":100,"page_width":1600,"spacing_sections":40,"spacing_grid_horizontal":4,"spacing_grid_vertical":4,"animations_reveal_on_scroll":true,"animations_hover_elements":"3d-lift","buttons_border_thickness":0,"buttons_border_opacity":50,"buttons_radius":0,"buttons_shadow_opacity":50,"buttons_shadow_horizontal_offset":0,"buttons_shadow_vertical_offset":0,"buttons_shadow_blur":0,"variant_pills_border_thickness":0,"variant_pills_border_opacity":50,"variant_pills_radius":0,"variant_pills_shadow_opacity":0,"variant_pills_shadow_horizontal_offset":0,"variant_pills_shadow_vertical_offset":0,"variant_pills_shadow_blur":0,"inputs_border_thickness":0,"inputs_border_opacity":50,"inputs_radius":0,"inputs_shadow_opacity":50,"inputs_shadow_horizontal_offset":0,"inputs_shadow_vertical_offset":0,"inputs_shadow_blur":0,"card_style":"card","card_image_padding":0,"card_text_alignment":"left","card_color_scheme":"scheme-2","card_border_thickness":0,"card_border_opacity":10,"card_corner_radius":0,"card_shadow_opacity":50,"card_shadow_horizontal_offset":0,"card_shadow_vertical_offset":0,"card_shadow_blur":0,"collection_card_style":"card","collection_card_image_padding":0,"collection_card_text_alignment":"left","collection_card_color_scheme":"scheme-2","collection_card_border_thickness":0,"collection_card_border_opacity":50,"collection_card_corner_radius":0,"collection_card_shadow_opacity":50,"collection_card_shadow_horizontal_offset":0,"collection_card_shadow_vertical_offset":0,"collection_card_shadow_blur":0,"blog_card_style":"card","blog_card_image_padding":0,"blog_card_text_alignment":"left","blog_card_color_scheme":"scheme-2","blog_card_border_thickness":0,"blog_card_border_opacity":50,"blog_card_corner_radius":0,"blog_card_shadow_opacity":50,"blog_card_shadow_horizontal_offset":0,"blog_card_shadow_vertical_offset":0,"blog_card_shadow_blur":0,"text_boxes_border_thickness":0,"text_boxes_border_opacity":50,"text_boxes_radius":0,"text_boxes_shadow_opacity":50,"text_boxes_shadow_horizontal_offset":0,"text_boxes_shadow_vertical_offset":0,"text_boxes_shadow_blur":0,"media_border_thickness":0,"media_border_opacity":50,"media_radius":0,"media_shadow_opacity":50,"media_shadow_horizontal_offset":0,"media_shadow_vertical_offset":0,"media_shadow_blur":0,"popup_border_thickness":0,"popup_border_opacity":50,"popup_corner_radius":0,"popup_shadow_opacity":50,"popup_shadow_horizontal_offset":0,"popup_shadow_vertical_offset":0,"popup_shadow_blur":0,"drawer_border_thickness":0,"drawer_border_opacity":50,"drawer_shadow_opacity":50,"drawer_shadow_horizontal_offset":0,"drawer_shadow_vertical_offset":0,"drawer_shadow_blur":0,"badge_position":"bottom right","badge_corner_radius":0,"sale_badge_color_scheme":"scheme-2","sold_out_badge_color_scheme":"scheme-2","brand_headline":"By Diaboli – Crafted with Edge, Inspired by the Unconventional","brand_description":"<p>Redefining modern style with a touch of rebellion. Each piece by <em>By Diaboli<\/em> fuses bold design with quality craftsmanship, created for those who defy the ordinary. Embrace the unique. Wear the unexpected.<\/p>","brand_image":"shopify:\/\/shop_images\/Diaboli.zip-8_1.png","brand_image_width":200,"social_facebook_link":"","social_instagram_link":"","social_youtube_link":"","social_tiktok_link":"","social_twitter_link":"","social_snapchat_link":"","social_pinterest_link":"","social_tumblr_link":"","social_vimeo_link":"","predictive_search_enabled":true,"predictive_search_show_vendor":true,"predictive_search_show_price":true,"currency_code_enabled":true,"cart_type":"notification","show_vendor":true,"show_cart_note":true,"cart_drawer_collection":"","cart_color_scheme":"scheme-2","sections":{"main-password-header":{"type":"main-password-header","settings":{"color_scheme":"scheme-1"}},"main-password-footer":{"type":"main-password-footer","settings":{"color_scheme":"scheme-1"}}},"content_for_index":[],"blocks":{"1656560654682496077":{"type":"shopify:\/\/apps\/instant\/blocks\/instant_core\/927e19d9-4e68-41db-99c7-d8debdc1f80d","disabled":false,"settings":{}}},"color_schemes":{"scheme-1":{"settings":{"background":"#1f1f21","background_gradient":"","text":"#ffffff","button":"#e3fc02","button_label":"#1f1f21","secondary_button_label":"#e3fc02","shadow":"#ffffff"}},"scheme-2":{"settings":{"background":"#000000","background_gradient":"","text":"#ffffff","button":"#ffffff","button_label":"#000000","secondary_button_label":"#ffffff","shadow":"#ffffff"}},"scheme-3":{"settings":{"background":"#ffffff","background_gradient":"","text":"#1f1f21","button":"#1f1f21","button_label":"#ffffff","secondary_button_label":"#1f1f21","shadow":"#ffffff"}},"scheme-4":{"settings":{"background":"#e3fc02","background_gradient":"","text":"#1f1f21","button":"#1f1f21","button_label":"#e3fc02","secondary_button_label":"#1f1f21","shadow":"#ffffff"}},"scheme-5":{"settings":{"background":"#00fced","background_gradient":"","text":"#1f1f21","button":"#1f1f21","button_label":"#00fced","secondary_button_label":"#1f1f21","shadow":"#ffffff"}},"scheme-b1e5cbec-17ec-4e32-9f05-070b6083ee0d":{"settings":{"background":"#1f1f21","background_gradient":"","text":"#ffffff","button":"#e3fc02","button_label":"#1f1f21","secondary_button_label":"#e3fc02","shadow":"#ffffff"}},"scheme-7b53ed50-d769-416e-a20d-48ea2b161d30":{"settings":{"background":"#000000","background_gradient":"","text":"#000000","button":"#ffffff","button_label":"#000000","secondary_button_label":"#000000","shadow":"#ffffff"}}}},"presets":{"Default":{"logo_width":80,"color_schemes":{"scheme-1":{"settings":{"background":"#1f1f21","background_gradient":"","text":"#ffffff","button":"#e3fc02","button_label":"#1f1f21","secondary_button_label":"#e3fc02","shadow":"#ffffff"}},"scheme-2":{"settings":{"background":"#1f1f21","background_gradient":"","text":"#ffffff","button":"#ffffff","button_label":"#1f1f21","secondary_button_label":"#ffffff","shadow":"#ffffff"}},"scheme-3":{"settings":{"background":"#ffffff","background_gradient":"","text":"#1f1f21","button":"#1f1f21","button_label":"#ffffff","secondary_button_label":"#1f1f21","shadow":"#ffffff"}},"scheme-4":{"settings":{"background":"#e3fc02","background_gradient":"","text":"#1f1f21","button":"#1f1f21","button_label":"#e3fc02","secondary_button_label":"#1f1f21","shadow":"#ffffff"}},"scheme-5":{"settings":{"background":"#00FCED","background_gradient":"","text":"#1f1f21","button":"#1f1f21","button_label":"#00FCED","secondary_button_label":"#1f1f21","shadow":"#ffffff"}}},"type_header_font":"oswald_n5","heading_scale":140,"type_body_font":"figtree_n5","body_scale":100,"page_width":1600,"spacing_sections":52,"spacing_grid_horizontal":40,"spacing_grid_vertical":40,"animations_reveal_on_scroll":true,"animations_hover_elements":"none","buttons_border_thickness":1,"buttons_border_opacity":100,"buttons_radius":0,"buttons_shadow_opacity":0,"buttons_shadow_horizontal_offset":0,"buttons_shadow_vertical_offset":4,"buttons_shadow_blur":5,"variant_pills_border_thickness":1,"variant_pills_border_opacity":55,"variant_pills_radius":40,"variant_pills_shadow_opacity":0,"variant_pills_shadow_horizontal_offset":0,"variant_pills_shadow_vertical_offset":4,"variant_pills_shadow_blur":5,"inputs_border_thickness":1,"inputs_border_opacity":55,"inputs_radius":0,"inputs_shadow_opacity":0,"inputs_shadow_horizontal_offset":0,"inputs_shadow_vertical_offset":4,"inputs_shadow_blur":5,"card_style":"card","card_image_padding":0,"card_text_alignment":"left","card_color_scheme":"scheme-2","card_border_thickness":0,"card_border_opacity":10,"card_corner_radius":0,"card_shadow_opacity":0,"card_shadow_horizontal_offset":0,"card_shadow_vertical_offset":4,"card_shadow_blur":5,"collection_card_style":"card","collection_card_image_padding":0,"collection_card_text_alignment":"left","collection_card_color_scheme":"scheme-2","collection_card_border_thickness":0,"collection_card_border_opacity":10,"collection_card_corner_radius":0,"collection_card_shadow_opacity":0,"collection_card_shadow_horizontal_offset":0,"collection_card_shadow_vertical_offset":4,"collection_card_shadow_blur":5,"blog_card_style":"card","blog_card_image_padding":0,"blog_card_text_alignment":"left","blog_card_color_scheme":"scheme-2","blog_card_border_thickness":0,"blog_card_border_opacity":10,"blog_card_corner_radius":0,"blog_card_shadow_opacity":0,"blog_card_shadow_horizontal_offset":0,"blog_card_shadow_vertical_offset":4,"blog_card_shadow_blur":5,"text_boxes_border_thickness":0,"text_boxes_border_opacity":10,"text_boxes_radius":0,"text_boxes_shadow_opacity":0,"text_boxes_shadow_horizontal_offset":0,"text_boxes_shadow_vertical_offset":4,"text_boxes_shadow_blur":5,"media_border_thickness":0,"media_border_opacity":10,"media_radius":0,"media_shadow_opacity":0,"media_shadow_horizontal_offset":0,"media_shadow_vertical_offset":4,"media_shadow_blur":5,"popup_border_thickness":1,"popup_border_opacity":10,"popup_corner_radius":0,"popup_shadow_opacity":0,"popup_shadow_horizontal_offset":0,"popup_shadow_vertical_offset":4,"popup_shadow_blur":5,"drawer_border_thickness":1,"drawer_border_opacity":10,"drawer_shadow_opacity":0,"drawer_shadow_horizontal_offset":0,"drawer_shadow_vertical_offset":4,"drawer_shadow_blur":5,"badge_position":"bottom left","badge_corner_radius":40,"sale_badge_color_scheme":"scheme-3","sold_out_badge_color_scheme":"scheme-1","brand_headline":"","brand_description":"<p><\/p>","brand_image_width":100,"social_twitter_link":"","social_facebook_link":"","social_pinterest_link":"","social_instagram_link":"","social_tiktok_link":"","social_tumblr_link":"","social_snapchat_link":"","social_youtube_link":"","social_vimeo_link":"","predictive_search_enabled":true,"predictive_search_show_vendor":false,"predictive_search_show_price":false,"currency_code_enabled":true,"cart_type":"notification","show_vendor":false,"show_cart_note":false,"cart_drawer_collection":"","cart_color_scheme":"scheme-1","sections":{"main-password-header":{"type":"main-password-header","settings":{"color_scheme":"scheme-1"}},"main-password-footer":{"type":"main-password-footer","settings":{"color_scheme":"scheme-1"}}}}}}