{"name":"t:sections.footer.name","type":"footer","sections":{"footer":{"type":"footer","blocks":{"brand_information_mzRqYe":{"type":"brand_information","settings":{"show_social":true}}},"block_order":["brand_information_mzRqYe"],"settings":{"color_scheme":"scheme-2","newsletter_enable":false,"newsletter_heading":"","enable_follow_on_shop":true,"show_social":true,"enable_country_selector":true,"enable_language_selector":true,"payment_enable":true,"show_policy":true,"margin_top":0,"padding_top":0,"padding_bottom":40}}},"order":["footer"]}