{"name":"t:sections.header.name","type":"header","sections":{"announcement-bar":{"type":"announcement-bar","blocks":{"announcement-bar-0":{"type":"announcement","settings":{"text":"-DIABOLI-","link":""}}},"block_order":["announcement-bar-0"],"settings":{"color_scheme":"scheme-2","show_line_separator":true,"show_social":true,"auto_rotate":true,"change_slides_speed":3,"enable_country_selector":true,"enable_language_selector":true}},"header":{"type":"header","settings":{"logo_position":"top-center","menu":"main-menu","menu_type_desktop":"drawer","sticky_header_type":"on-scroll-up","show_line_separator":true,"color_scheme":"scheme-2","menu_color_scheme":"scheme-2","enable_country_selector":true,"enable_language_selector":true,"enable_customer_avatar":true,"mobile_logo_position":"center","margin_bottom":0,"padding_top":0,"padding_bottom":0}}},"order":["announcement-bar","header"]}